[{"base":"AccessToken","plural":"accessToken"},{"base":"User","plural":"user","acls":[{"accessType":"*","principalType":"ROLE","principalId":"$everyone","permission":"DENY"},{"principalType":"ROLE","principalId":"$everyone","permission":"ALLOW","property":"create"},{"principalType":"ROLE","principalId":"$owner","permission":"ALLOW","property":"deleteById"},{"principalType":"ROLE","principalId":"$owner","permission":"ALLOW","property":"removeById"},{"principalType":"ROLE","principalId":"$everyone","permission":"ALLOW","property":"login"},{"principalType":"ROLE","principalId":"$everyone","permission":"ALLOW","property":"logout"},{"principalType":"ROLE","principalId":"$owner","permission":"ALLOW","property":"findById"},{"principalType":"ROLE","principalId":"$owner","permission":"ALLOW","property":"updateAttributes"},{"principalType":"ROLE","principalId":"$everyone","permission":"ALLOW","property":"confirm"},{"principalType":"ROLE","principalId":"$everyone","permission":"ALLOW","property":"verifyEmail"},{"principalType":"ROLE","principalId":"$everyone","permission":"ALLOW","property":"resetPasswordRequest"},{"principalType":"ROLE","principalId":"$everyone","permission":"ALLOW","property":"resetPassword"}],"relations":{"accessTokens":{"type":"Relation","model":"accessToken","foreignKey":"userId"}}},{"base":"RoleMapping","plural":"roleMapping"},{"base":"Role","plural":"role","relations":{"principals":{"type":"Relation","model":"roleMapping","foreignKey":"roleId"}}},{"base":"File","plural":"file"},{"plural":"discover","properties":{"id":{"type":"String","id":true},"type":{"type":"String"},"title":{"type":"String"},"thumbnail":{"type":"Object","isFile":true}}},{"plural":"music","properties":{"id":{"type":"String","id":true},"poster":{"type":"Object","isFile":true},"overview":{"type":"String"}},"relations":{"list":{"type":"Relation","model":"musicList","foreignKey":"music(uz*R*id)"}}},{"plural":"musicList","properties":{"id":{"type":"String","id":true},"pic":{"type":"Object","isFile":true},"title":{"type":"String"},"intro":{"type":"String"},"date":{"type":"String"}}},{"plural":"rank","properties":{"id":{"type":"String","id":true},"index":{"type":"Number"},"words":{"type":"String"},"hot":{"type":"Number"}}}]